Array Size,Sequential Access Sum,Sequential Access Execution Time (s),Random Access Sum,Random Access Execution Time (s)
1000000,499999500000,0.00094,500000451147,0.0073
5000000,12499997500000,0.00492,12490046193107,0.05755
10000000,49999995000000,0.01102,49956600605039,0.14483
