Threads,Iterations,Final Shared Data Value,Execution Time (s)
2,100000,200000,0.00738
2,500000,1000000,0.01954
2,1000000,2000000,0.04283
4,100000,400000,0.01418
4,500000,2000000,0.07529
4,1000000,4000000,0.1567
8,100000,800000,0.0417
8,500000,4000000,0.19053
8,1000000,8000000,0.38933
