Threads,Iterations,Execution Time No Sync (s),Final Value No Sync,Execution Time Volatile (s),Final Value Volatile,Execution Time Atomic (s),Final Value Atomic
2,100000,0.00027,106535,0.00026,103880,0.00474,200000
2,500000,0.00114,505138,0.00128,540677,0.02324,1000000
2,1000000,0.00231,1031006,0.00247,1005680,0.04228,2000000
4,100000,0.00033,110916,0.0003,105561,0.01214,400000
4,500000,0.0014,519019,0.0014,526476,0.08758,2000000
4,1000000,0.00278,1038052,0.00282,1061096,0.16908,4000000
8,100000,0.00062,214764,0.00057,197048,0.04814,800000
8,500000,0.00209,712152,0.00272,869430,0.24607,4000000
8,1000000,0.00303,1067248,0.00438,1487549,0.40922,8000000
